\c quest;

-- INSERT SUFFIX STREETS:

INSERT INTO common.street_suffix (name, abbrv, is_default)
VALUES
    ('Alley', 'Aly', false),
    ('Annex', 'Anx', false),
    ('Arcade', 'Arc', false),
    ('Avenue', 'Av', false),
    ('Bayou', 'Byu', false),
    ('Beach', 'Bch', false),
    ('Bend', 'Bnd', false),
    ('Bluff', 'Blf', false),
    ('Bluffs', 'Blfs', false),
    ('Bottom', 'Btm', false),
    ('Boulevard', 'Blvd', false),
    ('Branch', 'Br', false),
    ('Bridge', 'Brg', false),
    ('Brook', 'Brk', false),
    ('Brooks', 'Brks', false),
    ('Burg', 'Bg', false),
    ('Burgs', 'Bgs', false),
    ('Bypass', 'Byp', false),
    ('Camp', 'Cp', false),
    ('Canyon', 'Cnyn', false),
    ('Cape', 'Cpe', false),
    ('Causeway', 'Cswy', false),
    ('Center', 'Cen', false),
    ('Centers', 'Ctrs', false),
    ('Circle', 'Cir', false),
    ('Circles', 'Cirs', false),
    ('Cliff', 'Clf', false),
    ('Cliffs', 'Clfs', false),
    ('Club', 'Clb', false),
    ('Common', 'Cmn', false),
    ('Commons', 'Cmns', false),
    ('Corner', 'Cor', false),
    ('Corners', 'Cors', false),
    ('Course', 'Crse', false),
    ('Court', 'Ct', false),
    ('Courts', 'Cts', false),
    ('Cove', 'Cv', false),
    ('Coves', 'Cvs', false),
    ('Creek', 'Crk', false),
    ('Crescent', 'Cres', false),
    ('Crest', 'Crst', false),
    ('Crossing', 'Xing', false),
    ('Crossroad', 'Xrd', false),
    ('Curve', 'Curv', false),
    ('Dale', 'Dl', false),
    ('Dam', 'Dm', false),
    ('Divide', 'Div', false),
    ('Drive', 'Dr', false),
    ('Drives', 'Drs', false),
    ('Estate', 'Est', false),
    ('Estates', 'Ests', false),
    ('Expressway', 'Exp', false),
    ('Extension', 'Ext', false),
    ('Extensions', 'Exts', false),
    ('Fall', '', false),
    ('Falls', 'Fls', false),
    ('Ferry', 'Fry', false),
    ('Field', 'Fld', false),
    ('Fields', 'Flds', false),
    ('Flat', 'Flt', false),
    ('Flats', 'Flts', false),
    ('Ford', 'Frd', false),
    ('Fords', 'Frds', false),
    ('Forest', 'Frst', false),
    ('Forge', 'Frg', false),
    ('Forges', 'Frgs', false),
    ('Fork', 'Frk', false),
    ('Forks', 'Frks', false),
    ('Fort', 'Ft', false),
    ('Freeway', 'Fwy', false),
    ('Garden', 'Gdn', false),
    ('Gardens', 'Gdns', false),
    ('Gateway', 'Gtwy', false),
    ('Glen', 'Gln', false),
    ('Glens', 'Glns', false),
    ('Green', 'Grn', false),
    ('Greens', 'Grns', false),
    ('Grove', 'Grv', false),
    ('Groves', 'Grvs', false),
    ('Harbor', 'Hbr', false),
    ('Harbors', 'Hbrs', false),
    ('Haven', 'Hvn', false),
    ('Heights', 'Hts', false),
    ('Highway', 'Hwy', false),
    ('Hill', 'Hl', false),
    ('Hills', 'Hls', false),
    ('Hollow', 'Holw', false),
    ('Inlet', 'Inlt', false),
    ('Island', 'Is', false),
    ('Islands', 'Iss', false),
    ('Isle', '', false),
    ('Junction', 'Jct', false),
    ('Junctions', 'Jcts', false),
    ('Key', 'Ky', false),
    ('Keys', 'Kys', false),
    ('Knoll', 'Knl', false),
    ('Knolls', 'Knls', false),
    ('Lake', 'Lk', false),
    ('Lakes', 'Lks', false),
    ('Land', '', false),
    ('Landing', 'Lndg', false),
    ('Lane', 'Ln', false),
    ('Light', 'Lgt', false),
    ('Lights', 'Lgts', false),
    ('Loaf', 'Lf', false),
    ('Lock', 'Lck', false),
    ('Locks', 'Lcks', false),
    ('Lodge', 'Ldg', false),
    ('Loop', 'Lp', false),
    ('Mall', '', false),
    ('Manor', 'Mnr', false),
    ('Manors', 'Mnrs', false),
    ('Meadow', 'Mdw', false),
    ('Meadows', 'Mdws', false),
    ('Mews', '', false),
    ('Mill', 'Ml', false),
    ('Mills', 'Mls', false),
    ('Mission', 'Msn', false),
    ('Motorway', 'Mtwy', false),
    ('Mount', 'Mt', false),
    ('Mountain', 'Mtn', false),
    ('Mountains', 'Mtns', false),
    ('Neck', 'Nck', false),
    ('Orchard', 'Orch', false),
    ('Oval', 'Ovl', false),
    ('Overpass', 'Opas', false),
    ('Park', 'Prk', false),
    ('Parks', 'Park', false),
    ('Parkway', 'Pky', false),
    ('Parkways', 'Pkwys', false),
    ('Pass', '', false),
    ('Passage', 'Psge', false),
    ('Path', '', false),
    ('Pike', 'Pk', false),
    ('Pine', 'Pne', false),
    ('Pines', 'Pnes', false),
    ('Place', 'Pl', false),
    ('Plain', 'Pln', false),
    ('Plains', 'Plns', false),
    ('Plaza', 'Plz', false),
    ('Point', 'Pt', false),
    ('Points', 'Pts', false),
    ('Port', 'Prt', false),
    ('Ports', 'Prts', false),
    ('Prairie', 'Pr', false),
    ('Radial', 'Rad', false),
    ('Ramp', '', false),
    ('Ranch', 'Rnch', false),
    ('Rapid', 'Rpd', false),
    ('Rapids', 'Rpds', false),
    ('Rest', 'Rst', false),
    ('Ridge', 'Rdg', false),
    ('Ridges', 'Rdgs', false),
    ('River', 'Riv', false),
    ('Road', 'Rd', false),
    ('Roads', 'Rds', false),
    ('Route', 'Rte', false),
    ('Row', '', false),
    ('Rue', '', false),
    ('Run', '', false),
    ('Shoal', 'Shl', false),
    ('Shoals', 'Shls', false),
    ('Shore', 'Shr', false),
    ('Shores', 'Shrs', false),
    ('Skyway', 'Skwy', false),
    ('Spring', 'Spg', false),
    ('Springs', 'Spgs', false),
    ('Spur', '', false),
    ('Square', 'Sq', false),
    ('Squares', 'Sqs', false),
    ('Station', 'Stn', false),
    ('Strasse', '', false),
    ('Stravenue', 'Stra', false),
    ('Stream', 'Strm', false),
    ('Street', 'St', true),
    ('Streets', 'Sts', false),
    ('Summit', 'Smt', false),
    ('Terrace', 'Terr', false),
    ('Throughway', 'Trwy', false),
    ('Trace', 'Trce', false),
    ('Track', 'Trk', false),
    ('Trafficway', 'Trfy', false),
    ('Trail', 'Trl', false),
    ('Trailer', 'Trlr', false),
    ('Tunnel', 'Tunl', false),
    ('Turnpike', 'Tpke', false),
    ('Underpass', 'Upas', false),
    ('Union', 'Un', false),
    ('Unions', 'Uns', false),
    ('Valley', 'Vly', false),
    ('Valleys', 'Vlys', false),
    ('Via', '', false),
    ('Viaduct', 'Vdct', false),
    ('View', 'Vw', false),
    ('Views', 'Vws', false),
    ('Village', 'Vlg', false),
    ('Villages', 'Vlgs', false),
    ('Ville', 'Vl', false),
    ('Vista', 'Vis', false),
    ('Walk', '', false),
    ('Wall', '', false),
    ('Way', 'Wy', false),
    ('Well', 'Wl', false),
    ('Wells', 'Wls', false);

INSERT INTO common.country (name, iso_code2, iso_code3, is_default)
VALUES
  ('Albania', 'AL', 'ALB', false),
  ('Andorra', 'AD', 'AND', false),
  ('Austria', 'AT', 'AUT', false),
  ('Belarus', 'BY', 'BLR', false),
  ('Belgium', 'BE', 'BEL', false),
  ('Bulgaria', 'BG', 'BGR', false),
  ('Croatia', 'HR', 'HRV', false),
  ('Cyprus', 'CY', 'CYP', false),
  ('Czech Republic', 'CZ', 'CZE', false),
  ('Denmark', 'DK', 'DNK', false),
  ('Estonia', 'EE', 'EST', false),
  ('Finland', 'FI', 'FIN', false),
  ('France', 'FR', 'FRA', false),
  ('Germany', 'DE', 'DEU', false),
  ('Greece', 'GR', 'GRC', false),
  ('Hungary', 'HU', 'HUN', false),
  ('Iceland', 'IS', 'ISL', false),
  ('Ireland', 'IE', 'IRL', false),
  ('Italy', 'IT', 'ITA', false),
  ('Latvia', 'LV', 'LVA', false),
  ('Liechtenstein', 'LI', 'LIE', false),
  ('Lithuania', 'LT', 'LTU', false),
  ('Luxembourg', 'LU', 'LUX', false),
  ('Malta', 'MT', 'MLT', false),
  ('Moldova', 'MD', 'MDA', false),
  ('Monaco', 'MC', 'MCO', false),
  ('Montenegro', 'ME', 'MNE', false),
  ('Netherlands', 'NL', 'NLD', false),
  ('North Macedonia', 'MK', 'MKD', false),
  ('Norway', 'NO', 'NOR', false),
  ('Poland', 'PL', 'POL', false),
  ('Portugal', 'PT', 'PRT', false),
  ('Romania', 'RO', 'ROU', false),
  ('Russia', 'RU', 'RUS', false),
  ('San Marino', 'SM', 'SMR', false),
  ('Serbia', 'RS', 'SRB', false),
  ('Slovakia', 'SK', 'SVK', false),
  ('Slovenia', 'SI', 'SVN', false),
  ('Spain', 'ES', 'ESP', false),
  ('Sweden', 'SE', 'SWE', false),
  ('Switzerland', 'CH', 'CHE', false),
  ('Ukraine', 'UA', 'UKR', false),
  ('United Kingdom', 'GB', 'GBR', false),
  ('United States', 'US', 'USA', true),
  ('Canada', 'CA', 'CAN', false);

-- Insert the top 10 most spoken languages, with English as the default language
INSERT INTO common.language (name, iso_code2, iso_code3, is_default)
VALUES
    ('Mandarin Chinese', 'zh', 'zho', false),
    ('Spanish', 'es', 'spa', false),
    ('English', 'en', 'eng', true), -- English is the default language
    ('Hindi', 'hi', 'hin', false),
    ('Arabic', 'ar', 'ara', false),
    ('Bengali', 'bn', 'ben', false),
    ('Portuguese', 'pt', 'por', false),
    ('Russian', 'ru', 'rus', false),
    ('Japanese', 'ja', 'jpn', false),
    ('Punjabi', 'pa', 'pan', false);

INSERT INTO common.gender (name, is_default)
VALUES
    ('Male', false),
    ('Female', false),
    ('Neuter', true); -- Neuter is the default gender

INSERT INTO common.identity_document_type (name, is_default)
VALUES
    ('Passport', true),
    ('Driver''s License', false),
    ('Social Security Card', false),
    ('Birth Certificate', false),
    ('Marriage Certificate', false),
    ('Green Card', false),
    ('Naturalization Certificate', false),
    ('Visa', false),
    ('State ID Card', false),
    ('Vehicle Registration', false),
    ('Concealed Carry Permit', false),
    ('Professional License', false),
    ('Academic Transcript', false),
    ('Financial Document', false);

-- INSERT CLIENTS AND CONTACTS

INSERT INTO customers.customer (code, trade_name, birthdate, gender_id, language_id, zip_code, state, city, area, street_name, street_number, floor, door, block, street_suffix_id, country_id, legal_name, document_number, identity_document_type_id, phone1, phone2, email, fax)
VALUES
    (1, 'Smith Trading Co.', '1985-01-15 00:00:00+00', 1, 3, '10001', 'New York', 'New York', 'Manhattan', '5th Ave', '101', '10', 'A', 'Block1', 39, 42, 'John Smith', 'A1234567', 1, '123-456-7890', '098-765-4321', 'john.smith@example.com', '123-456-7891'),
    (2, 'Johnson Enterprises', '1990-02-25 00:00:00+00', 2, 3, '20002', 'California', 'Los Angeles', 'Hollywood', 'Sunset Blvd', '202', '20', 'B', 'Block2', 7, 42, 'Emma Johnson', 'B2345678', 1, '234-567-8901', '987-654-3210', 'emma.johnson@example.com', '234-567-8902'),
    (3, 'Williams Corp.', '1982-03-05 00:00:00+00', 1, 2, '30303', 'Texas', 'Houston', 'Downtown', 'Main St', '303', '30', 'C', 'Block3', 9, 42, 'William Williams', 'C3456789', 1, '345-678-9012', '876-543-2109', 'william.williams@example.com', '345-678-9013'),
    (4, 'Brown LLC', '1988-04-15 00:00:00+00', 2, 2, '40404', 'Florida', 'Miami', 'South Beach', 'Ocean Dr', '404', '40', 'D', 'Block4', 12, 42, 'Olivia Brown', 'D4567890', 1, '456-789-0123', '765-432-1098', 'olivia.brown@example.com', '456-789-0124'),
    (5, 'Jones & Sons', '1992-05-25 00:00:00+00', 1, 3, '50505', 'Illinois', 'Chicago', 'Downtown', 'Michigan Ave', '505', '50', 'E', 'Block5', 26, 42, 'James Jones', 'E5678901', 1, '567-890-1234', '654-321-0987', 'james.jones@example.com', '567-890-1235'),
    (6, 'Garcia Bros.', '1987-06-05 00:00:00+00', 2, 2, '60606', 'Nevada', 'Las Vegas', 'The Strip', 'Las Vegas Blvd', '606', '60', 'F', 'Block6', 47, 42, 'Isabella Garcia', 'F6789012', 1, '678-901-2345', '543-210-9876', 'isabella.garcia@example.com', '678-901-2346'),
    (7, 'Martinez Inc.', '1983-07-15 00:00:00+00', 1, 1, '70707', 'Washington', 'Seattle', 'Downtown', 'Pike St', '707', '70', 'G', 'Block7', 39, 42, 'Michael Martinez', 'G7890123', 1, '789-012-3456', '432-109-8765', 'michael.martinez@example.com', '789-012-3457'),
    (8, 'Rodriguez Ltd.', '1991-08-25 00:00:00+00', 2, 2, '80808', 'Arizona', 'Phoenix', 'Tempe', 'Mill Ave', '808', '80', 'H', 'Block8', 3, 42, 'Sophia Rodriguez', 'H8901234', 1, '890-123-4567', '321-098-7654', 'sophia.rodriguez@example.com', '890-123-4568'),
    (9, 'Hernandez Group', '1984-09-05 00:00:00+00', 1, 1, '90909', 'Colorado', 'Denver', 'Capitol Hill', 'Colfax Ave', '909', '90', 'I', 'Block9', 32, 42, 'David Hernandez', 'I9012345', 1, '901-234-5678', '210-987-6543', 'david.hernandez@example.com', '901-234-5679'),
    (10, 'Lopez Holdings', '1989-10-15 00:00:00+00', 2, 3, '10101', 'Illinois', 'Springfield', 'Downtown', 'Monroe St', '1010', '100', 'J', 'Block10', 20, 42, 'Mia Lopez', 'J0123456', 1, '012-345-6789', '876-543-2101', 'mia.lopez@example.com', '012-345-6790'),
    (11, 'Miller Ltd.', '1979-11-25 00:00:00+00', 1, 1, '20202', 'Georgia', 'Atlanta', 'Midtown', 'Peachtree St', '2020', '200', 'K', 'Block11', 29, 42, 'Chris Miller', 'K1234567', 1, '123-456-7891', '765-432-1098', 'chris.miller@example.com', '123-456-7892'),
    (12, 'Davis & Co.', '1981-12-05 00:00:00+00', 2, 2, '30303', 'Ohio', 'Columbus', 'Short North', 'High St', '3030', '300', 'L', 'Block12', 14, 42, 'Anna Davis', 'L2345678', 1, '234-567-8902', '654-321-0987', 'anna.davis@example.com', '234-567-8903'),
    (13, 'Martinez Ltd.', '1985-01-25 00:00:00+00', 1, 3, '40404', 'Texas', 'Dallas', 'Uptown', 'McKinney Ave', '4040', '400', 'M', 'Block13', 2, 42, 'John Martinez', 'M3456789', 1, '345-678-9013', '543-210-9876', 'john.martinez@example.com', '345-678-9014'),
    (14, 'Anderson LLC', '1987-02-05 00:00:00+00', 2, 2, '50505', 'Michigan', 'Detroit', 'Midtown', 'Woodward Ave', '5050', '500', 'N', 'Block14', 1, 42, 'Sophia Anderson', 'N4567890', 1, '456-789-0124', '432-109-8765', 'sophia.anderson@example.com', '456-789-0125'),
    (15, 'Taylor Corp.', '1990-03-25 00:00:00+00', 1, 3, '60606', 'North Carolina', 'Charlotte', 'South End', 'Tryon St', '6060', '600', 'O', 'Block15', 15, 42, 'James Taylor', 'O5678901', 1, '567-890-1235', '321-098-7654', 'james.taylor@example.com', '567-890-1236'),
    (16, 'Thomas Inc.', '1988-04-15 00:00:00+00', 2, 2, '70707', 'Virginia', 'Richmond', 'Downtown', 'Broad St', '7070', '700', 'P', 'Block16', 22, 42, 'Emma Thomas', 'P6789012', 1, '678-901-2346', '210-987-6543', 'emma.thomas@example.com', '678-901-2347'),
    (17, 'Moore Enterprises', '1982-05-05 00:00:00+00', 1, 1, '80808', 'Pennsylvania', 'Philadelphia', 'Center City', 'Market St', '8080', '800', 'Q', 'Block17', 36, 42, 'Michael Moore', 'Q7890123', 1, '789-012-3457', '109-876-5432', 'michael.moore@example.com', '789-012-3458'),
    (18, 'Jackson Bros.', '1991-06-25 00:00:00+00', 2, 2, '90909', 'Arizona', 'Tucson', 'Downtown', 'Congress St', '9090', '900', 'R', 'Block18', 45, 42, 'Olivia Jackson', 'R8901234', 1, '890-123-4568', '098-765-4321', 'olivia.jackson@example.com', '890-123-4569'),
    (19, 'Martin Group', '1984-07-15 00:00:00+00', 1, 2, '10101', 'Oregon', 'Portland', 'Pearl District', 'Lovejoy St', '1010', '1000', 'S', 'Block19', 25, 42, 'David Martin', 'S9012345', 1, '901-234-5679', '987-654-3210', 'david.martin@example.com', '901-234-5680'),
    (20, 'Lee Holdings', '1989-08-05 00:00:00+00', 2, 3, '20202', 'Massachusetts', 'Boston', 'Back Bay', 'Newbury St', '2020', '2000', 'T', 'Block20', 40, 42, 'Mia Lee', 'T0123456', 1, '012-345-6790', '876-543-2101', 'mia.lee@example.com', '012-345-6791'),
    (21, 'Perez Trading Co.', '1985-09-15 00:00:00+00', 1, 1, '30303', 'New York', 'New York', 'Manhattan', '8th Ave', '210', '15', 'A', 'Block21', 35, 42, 'Juan Perez', 'U2345678', 1, '212-456-7890', '213-765-4321', 'juan.perez@example.com', '212-456-7891'),
    (22, 'Gonzalez Enterprises', '1991-10-25 00:00:00+00', 2, 1, '40404', 'California', 'San Francisco', 'Downtown', 'Market St', '225', '25', 'B', 'Block22', 37, 42, 'Maria Gonzalez', 'V3456789', 1, '415-567-8901', '416-654-3210', 'maria.gonzalez@example.com', '415-567-8902'),
    (23, 'Ramirez Corp.', '1984-11-05 00:00:00+00', 1, 2, '50505', 'Texas', 'Austin', 'Downtown', 'Congress Ave', '333', '30', 'C', 'Block23', 24, 42, 'Carlos Ramirez', 'W4567890', 1, '512-678-9012', '518-543-2109', 'carlos.ramirez@example.com', '512-678-9013'),
    (24, 'Robinson LLC', '1989-12-15 00:00:00+00', 2, 2, '60606', 'Florida', 'Orlando', 'Downtown', 'Orange Ave', '101', '10', 'D', 'Block24', 11, 42, 'Emily Robinson', 'X5678901', 1, '407-789-0123', '408-432-1098', 'emily.robinson@example.com', '407-789-0124'),
    (25, 'Walker & Sons', '1990-01-25 00:00:00+00', 1, 3, '70707', 'Illinois', 'Naperville', 'Downtown', 'Main St', '111', '50', 'E', 'Block25', 46, 42, 'Daniel Walker', 'Y6789012', 1, '630-890-1234', '631-321-0987', 'daniel.walker@example.com', '630-890-1235'),
    (26, 'Young Bros.', '1987-02-05 00:00:00+00', 2, 2, '80808', 'Nevada', 'Reno', 'Downtown', 'Virginia St', '202', '60', 'F', 'Block26', 16, 42, 'Sophia Young', 'Z7890123', 1, '775-901-2345', '775-210-9876', 'sophia.young@example.com', '775-901-2346'),
    (27, 'King Inc.', '1988-03-15 00:00:00+00', 1, 1, '90909', 'Washington', 'Spokane', 'Downtown', 'Sprague Ave', '303', '70', 'G', 'Block27', 4, 42, 'George King', 'AA8901234', 1, '509-012-3456', '510-109-8765', 'george.king@example.com', '509-012-3457'),
    (28, 'Wright Ltd.', '1989-04-25 00:00:00+00', 2, 1, '10101', 'Oregon', 'Eugene', 'Downtown', 'Willamette St', '404', '80', 'H', 'Block28', 21, 42, 'Anna Wright', 'BB9012345', 1, '541-123-4567', '542-098-7654', 'anna.wright@example.com', '541-123-4568'),
    (29, 'Lopez Group', '1990-05-05 00:00:00+00', 1, 2, '20202', 'Massachusetts', 'Worcester', 'Downtown', 'Main St', '505', '90', 'I', 'Block29', 23, 42, 'Miguel Lopez', 'CC0123456', 1, '508-234-5678', '508-987-6543', 'miguel.lopez@example.com', '508-234-5679'),
    (30, 'Hill Holdings', '1988-06-15 00:00:00+00', 2, 2, '30303', 'North Carolina', 'Raleigh', 'Downtown', 'Hillsborough St', '606', '100', 'J', 'Block30', 41, 42, 'Jessica Hill', 'DD1234567', 1, '919-345-6789', '920-876-5432', 'jessica.hill@example.com', '919-345-6790');

-- Insert fake contacts for each client
INSERT INTO contacts.contact (name, phone1, phone2, email, fax)
VALUES
    ('John Smith', '123-456-7890', '098-765-4321', 'john.smith@example.com', '123-456-7891'),
    ('Emma Johnson', '234-567-8901', '987-654-3210', 'emma.johnson@example.com', '234-567-8902'),
    ('William Williams', '345-678-9012', '876-543-2109', 'william.williams@example.com', '345-678-9013'),
    ('Olivia Brown', '456-789-0123', '765-432-1098', 'olivia.brown@example.com', '456-789-0124'),
    ('James Jones', '567-890-1234', '654-321-0987', 'james.jones@example.com', '567-890-1235'),
    ('Isabella Garcia', '678-901-2345', '543-210-9876', 'isabella.garcia@example.com', '678-901-2346'),
    ('Michael Martinez', '789-012-3456', '432-109-8765', 'michael.martinez@example.com', '789-012-3457'),
    ('Sophia Rodriguez', '890-123-4567', '321-098-7654', 'sophia.rodriguez@example.com', '890-123-4568'),
    ('David Hernandez', '901-234-5678', '210-987-6543', 'david.hernandez@example.com', '901-234-5679'),
    ('Mia Lopez', '012-345-6789', '876-543-2101', 'mia.lopez@example.com', '012-345-6790'),
    ('Chris Miller', '123-456-7891', '765-432-1098', 'chris.miller@example.com', '123-456-7892'),
    ('Anna Davis', '234-567-8902', '654-321-0987', 'anna.davis@example.com', '234-567-8903'),
    ('John Martinez', '345-678-9013', '543-210-9876', 'john.martinez@example.com', '345-678-9014'),
    ('Sophia Anderson', '456-789-0124', '432-109-8765', 'sophia.anderson@example.com', '456-789-0125'),
    ('James Taylor', '567-890-1235', '321-098-7654', 'james.taylor@example.com', '567-890-1236'),
    ('Emma Thomas', '678-901-2346', '210-987-6543', 'emma.thomas@example.com', '678-901-2347'),
    ('Michael Moore', '789-012-3457', '109-876-5432', 'michael.moore@example.com', '789-012-3458'),
    ('Olivia Jackson', '890-123-4568', '098-765-4321', 'olivia.jackson@example.com', '890-123-4569'),
    ('David Martin', '901-234-5679', '987-654-3210', 'david.martin@example.com', '901-234-5680'),
    ('Mia Lee', '012-345-6790', '876-543-2101', 'mia.lee@example.com', '012-345-6791'),
    ('Juan Perez', '212-456-7890', '213-765-4321', 'juan.perez@example.com', '212-456-7891'),
    ('Maria Gonzalez', '415-567-8901', '416-654-3210', 'maria.gonzalez@example.com', '415-567-8902'),
    ('Carlos Ramirez', '512-678-9012', '518-543-2109', 'carlos.ramirez@example.com', '512-678-9013'),
    ('Emily Robinson', '407-789-0123', '408-432-1098', 'emily.robinson@example.com', '407-789-0124'),
    ('Daniel Walker', '630-890-1234', '631-321-0987', 'daniel.walker@example.com', '630-890-1235'),
    ('Sophia Young', '775-901-2345', '775-210-9876', 'sophia.young@example.com', '775-901-2346'),
    ('George King', '509-012-3456', '510-109-8765', 'george.king@example.com', '509-012-3457'),
    ('Anna Wright', '541-123-4567', '542-098-7654', 'anna.wright@example.com', '541-123-4568'),
    ('Miguel Lopez', '508-234-5678', '508-987-6543', 'miguel.lopez@example.com', '508-234-5679'),
    ('Jessica Hill', '919-345-6789', '920-876-5432', 'jessica.hill@example.com', '919-345-6790');

-- Assign contacts to customers
INSERT INTO customers.customer_contact (customer_id, contact_id)
VALUES
    (1, 1),
    (2, 2),
    (3, 3),
    (4, 4),
    (5, 5),
    (6, 6),
    (7, 7),
    (8, 8),
    (9, 9),
    (10, 10),
    (11, 11),
    (12, 12),
    (13, 13),
    (14, 14),
    (15, 15),
    (16, 16),
    (17, 17),
    (18, 18),
    (19, 19),
    (20, 20),
    (21, 21),
    (22, 22),
    (23, 23),
    (24, 24),
    (25, 25),
    (26, 26),
    (27, 27),
    (28, 28),
    (29, 29),
    (30, 30);

-- Insert the top 5 payment systems, with Credit Card as the default
INSERT INTO common.payment_system (name, is_default)
VALUES
    ('Credit Card', true),
    ('PayPal', false),
    ('Bank Transfer', false),
    ('Cash', false),
    ('Debit Card', false);

-- Some item categories
INSERT INTO items.category (name)
VALUES
    ('Laptops'),
    ('Printers'),
    ('Consumables'),
    ('Gaming'),
    ('Desktops'),
    ('Monitors'),
    ('Keyboards'),
    ('Mice'),
    ('Networking Equipment'),
    ('Storage Devices'),
    ('Software'),
    ('Accessories'),
    ('Cables'),
    ('Power Supplies'),
    ('Servers'),
    ('Cooling Solutions'),
    ('Virtual Reality'),
    ('Smart Home Devices');
-- Items
INSERT INTO common.tax (name, percent, is_default) values ('Sales Tax', '10', true);

INSERT INTO items.item (code, name, base_price, is_enabled, tax_id, category_id, description)
VALUES
    (1001, 'Dell XPS 13', 999.99, true, 1, 1, 'High performance laptop with a sleek design.'),
    (1002, 'HP LaserJet Pro', 199.99, true, 1, 2, 'Reliable monochrome laser printer for office use.'),
    (1003, 'Epson Ink Cartridges', 39.99, true, 1, 3, 'High yield ink cartridges for Epson printers.'),
    (1004, 'Razer Gaming Mouse', 59.99, true, 1, 4, 'Precision gaming mouse with customizable buttons.'),
    (1005, 'Apple iMac 27"', 1799.99, true, 1, 5, 'All-in-one desktop computer with stunning Retina display.'),
    (1006, 'Samsung 24" Monitor', 149.99, true, 1, 6, 'Full HD monitor with vibrant colors and slim design.'),
    (1007, 'Mechanical Keyboard', 89.99, true, 1, 7, 'Durable mechanical keyboard with RGB lighting.'),
    (1008, 'Logitech Wireless Mouse', 29.99, true, 1, 8, 'Ergonomic wireless mouse with long battery life.'),
    (1009, 'Netgear Router', 79.99, true, 1, 9, 'High-speed wireless router for home networking.'),
    (1010, 'Seagate 1TB HDD', 49.99, true, 1, 10, 'Reliable 1TB hard drive for desktop and laptop storage.'),
    (1011, 'Microsoft Office Suite', 149.99, true, 1, 11, 'Comprehensive office software package.'),
    (1012, 'Laptop Backpack', 39.99, true, 1, 12, 'Durable backpack with multiple compartments for laptops and accessories.'),
    (1013, 'HDMI Cable 6ft', 9.99, true, 1, 13, 'High-speed HDMI cable for connecting monitors and TVs.'),
    (1014, 'Corsair 750W PSU', 109.99, true, 1, 14, 'High-efficiency power supply unit for gaming PCs.'),
    (1015, 'Dell PowerEdge Server', 1299.99, true, 1, 15, 'Enterprise-grade server with scalable performance.'),
    (1016, 'Cooler Master CPU Cooler', 39.99, true, 1, 16, 'Effective CPU cooler for optimal thermal performance.'),
    (1017, 'Oculus Quest 2', 299.99, true, 1, 17, 'Standalone VR headset with immersive experience.'),
    (1018, 'Amazon Echo', 99.99, true, 1, 18, 'Smart home device with voice assistant integration.'),
    (1019, 'Lenovo ThinkPad X1', 1299.99, true, 1, 1, 'Business laptop with robust performance and security features.'),
    (1020, 'Brother All-in-One Printer', 249.99, true, 1, 2, 'Multifunction printer with scanning and copying capabilities.'),
    (1021, 'Canon Printer Toner', 59.99, true, 1, 3, 'High capacity toner cartridge for Canon laser printers.'),
    (1022, 'Logitech Gaming Keyboard', 129.99, true, 1, 4, 'Mechanical gaming keyboard with customizable RGB lighting.'),
    (1023, 'HP Envy Desktop', 699.99, true, 1, 5, 'Powerful desktop computer for home and office use.'),
    (1024, 'Acer 27" Monitor', 199.99, true, 1, 6, 'Large screen monitor with QHD resolution and vibrant colors.'),
    (1025, 'Razer BlackWidow', 139.99, true, 1, 7, 'High-end mechanical gaming keyboard with tactile feedback.'),
    (1026, 'Microsoft Surface Mouse', 49.99, true, 1, 8, 'Sleek and portable wireless mouse with ergonomic design.'),
    (1027, 'TP-Link WiFi Extender', 39.99, true, 1, 9, 'WiFi range extender to boost home network coverage.'),
    (1028, 'WD 2TB External HDD', 89.99, true, 1, 10, 'Portable 2TB external hard drive for data backup and storage.'),
    (1029, 'Adobe Creative Cloud', 599.99, true, 1, 11, 'Full suite of creative software for design, video, and more.'),
    (1030, 'Targus Laptop Sleeve', 19.99, true, 1, 12, 'Protective sleeve for laptops up to 15 inches.'),
    (1031, 'USB-C to HDMI Adapter', 19.99, true, 1, 13, 'Adapter for connecting USB-C devices to HDMI displays.'),
    (1032, 'EVGA 650W PSU', 89.99, true, 1, 14, 'Reliable power supply unit for mid-range gaming PCs.'),
    (1033, 'HPE ProLiant Server', 1999.99, true, 1, 15, 'High-performance server for enterprise applications.'),
    (1034, 'Noctua NH-D15 Cooler', 89.99, true, 1, 16, 'Premium CPU cooler with dual tower heatsink design.'),
    (1035, 'HTC Vive Pro', 799.99, true, 1, 17, 'Professional-grade VR headset with high resolution display.'),
    (1036, 'Google Nest Hub', 129.99, true, 1, 18, 'Smart display with Google Assistant for smart home control.'),
    (1037, 'Asus ROG Zephyrus', 2199.99, true, 1, 1, 'Ultra-slim gaming laptop with powerful graphics.'),
    (1038, 'Epson EcoTank Printer', 299.99, true, 1, 2, 'Eco-friendly printer with refillable ink tanks.'),
    (1039, 'Brother Ink Cartridges', 34.99, true, 1, 3, 'Long-lasting ink cartridges for Brother printers.'),
    (1040, 'SteelSeries Gaming Headset', 99.99, true, 1, 4, 'High-quality gaming headset with surround sound.'),
    (1041, 'HP Pavilion Desktop', 799.99, true, 1, 5, 'Versatile desktop computer with modern design.'),
    (1042, 'LG UltraWide Monitor', 299.99, true, 1, 6, 'Ultra-wide monitor with panoramic view and high resolution.'),
    (1043, 'Corsair K95 Keyboard', 199.99, true, 1, 7, 'Top-tier mechanical keyboard with macro keys and RGB lighting.'),
    (1044, 'Apple Magic Mouse', 79.99, true, 1, 8, 'Innovative multi-touch mouse with sleek design.'),
    (1045, 'Linksys Velop Mesh Router', 199.99, true, 1, 9, 'Mesh WiFi system for seamless home network coverage.'),
    (1046, 'SanDisk 500GB SSD', 79.99, true, 1, 10, 'High-speed external SSD for fast data transfer.'),
    (1047, 'CorelDRAW Graphics Suite', 499.99, true, 1, 11, 'Complete software suite for graphic design and illustration.'),
    (1048, 'Belkin Laptop Stand', 29.99, true, 1, 12, 'Adjustable stand for ergonomic laptop use.'),
    (1049, 'Ethernet Cable 10ft', 12.99, true, 1, 13, 'High-speed Ethernet cable for reliable wired connections.'),
    (1050, 'Thermaltake 850W PSU', 129.99, true, 1, 14, 'High-capacity power supply unit for high-end gaming PCs.'),
    (1051, 'IBM System x Server', 2999.99, true, 1, 15, 'Robust server for critical business applications.'),
    (1052, 'Arctic Liquid Freezer II', 119.99, true, 1, 16, 'All-in-one liquid CPU cooler with high efficiency.'),
    (1053, 'PlayStation VR', 349.99, true, 1, 17, 'Virtual reality headset for PlayStation gaming.'),
    (1054, 'Philips Hue Smart Bulbs', 49.99, true, 1, 18, 'Smart lighting system with customizable colors and remote control.');

insert into common.fiscal_year("year", "is_current") values(date_part('year', now()), true);

insert into common.series(name, is_default, type)
values
    ('I', true, 'Invoice'),
    ('DN', true, 'Delivery note'),
    ('B', true, 'Budget'),
    ('T', true, 'Ticket');

COPY configuration.company (creation_user, creation_time, modification_user, modification_time, legal_name, document_number, identity_document_type_id, zip_code, state, city, area, street_name, street_number, floor, door, block, coordinates, additional_data, street_suffix_id, country_id, phone1, phone2, email, fax, id, trade_name) FROM stdin;
dev@mail.to	1723014921942	\N	\N	AOC INC.	12345678	1	\N	\N	\N	\N	AOC	3	\N	\N	\N	\N	\N	175	44	696969696696	\N	aoc@atlantisofcode.com	\N	1	Atlantis of Code
\.
